{
    "OE": {
        "OE-PM": {
            "OE-PM": 0.0,
            "OE-PM-TR": 1.4142135623730951,
            "OE-CR": 42.190046219457976,
            "OE-KO": 70.3420215802759,
            "OE-UC": 136.65284482951682,
            "OE-UC-AD": 136.82105101189657,
            "OE-UC-OB": 137.00364958642524,
            "OE-NY": 92.41753080449618,
            "OE-BO": 109.98636279102969,
            "OE-XV-91-2": 171.41761869772895
        },
        "OE-PM-TR": {
            "OE-PM": 1.4142135623730951,
            "OE-PM-TR": 0.0,
            "OE-CR": 41.30375285612676,
            "OE-KO": 71.06335201775947,
            "OE-UC": 136.49908424601244,
            "OE-UC-AD": 136.65284482951682,
            "OE-UC-OB": 136.82105101189657,
            "OE-NY": 91.02197536858887,
            "OE-BO": 111.39569111954016,
            "OE-XV-91-2": 170.55790805471318
        },
        "OE-CR": {
            "OE-PM": 42.190046219457976,
            "OE-PM-TR": 41.30375285612676,
            "OE-CR": 0.0,
            "OE-KO": 68.35202996254024,
            "OE-UC": 103.85566907973777,
            "OE-UC-AD": 103.71113729971339,
            "OE-UC-OB": 103.58571330062848,
            "OE-NY": 66.73080248281148,
            "OE-BO": 138.45215780189199,
            "OE-XV-91-2": 129.2594290564522
        },
        "OE-KO": {
            "OE-PM": 70.3420215802759,
            "OE-PM-TR": 71.06335201775947,
            "OE-CR": 68.35202996254024,
            "OE-KO": 0.0,
            "OE-UC": 90.60905032059435,
            "OE-UC-AD": 91.41115905621152,
            "OE-UC-OB": 92.22797840135064,
            "OE-NY": 134.65882815471105,
            "OE-BO": 90.4267659490264,
            "OE-XV-91-2": 158.80806024884254
        },
        "OE-UC": {
            "OE-PM": 136.65284482951682,
            "OE-PM-TR": 136.49908424601244,
            "OE-CR": 103.85566907973777,
            "OE-KO": 90.60905032059435,
            "OE-UC": 0.0,
            "OE-UC-AD": 1.4142135623730951,
            "OE-UC-OB": 2.8284271247461903,
            "OE-NY": 142.63590010933433,
            "OE-BO": 178.0028089666003,
            "OE-XV-91-2": 89.09545442950498
        },
        "OE-UC-AD": {
            "OE-PM": 136.82105101189657,
            "OE-PM-TR": 136.65284482951682,
            "OE-CR": 103.71113729971339,
            "OE-KO": 91.41115905621152,
            "OE-UC": 1.4142135623730951,
            "OE-UC-AD": 0.0,
            "OE-UC-OB": 1.4142135623730951,
            "OE-NY": 141.89080308462562,
            "OE-BO": 179.0,
            "OE-XV-91-2": 87.68124086713189
        },
        "OE-UC-OB": {
            "OE-PM": 137.00364958642524,
            "OE-PM-TR": 136.82105101189657,
            "OE-CR": 103.58571330062848,
            "OE-KO": 92.22797840135064,
            "OE-UC": 2.8284271247461903,
            "OE-UC-AD": 1.4142135623730951,
            "OE-UC-OB": 0.0,
            "OE-NY": 141.15594213493105,
            "OE-BO": 180.00277775634464,
            "OE-XV-91-2": 86.2670273047588
        },
        "OE-NY": {
            "OE-PM": 92.41753080449618,
            "OE-PM-TR": 91.02197536858887,
            "OE-CR": 66.73080248281148,
            "OE-KO": 134.65882815471105,
            "OE-UC": 142.63590010933433,
            "OE-UC-AD": 141.89080308462562,
            "OE-UC-OB": 141.15594213493105,
            "OE-NY": 0.0,
            "OE-BO": 200.89798406156294,
            "OE-XV-91-2": 121.65936051122412
        },
        "OE-BO": {
            "OE-PM": 109.98636279102969,
            "OE-PM-TR": 111.39569111954016,
            "OE-CR": 138.45215780189199,
            "OE-KO": 90.4267659490264,
            "OE-UC": 178.0028089666003,
            "OE-UC-AD": 179.0,
            "OE-UC-OB": 180.00277775634464,
            "OE-NY": 200.89798406156294,
            "OE-BO": 0.0,
            "OE-XV-91-2": 248.84734276258607
        },
        "OE-XV-91-2": {
            "OE-PM": 171.41761869772895,
            "OE-PM-TR": 170.55790805471318,
            "OE-CR": 129.2594290564522,
            "OE-KO": 158.80806024884254,
            "OE-UC": 89.09545442950498,
            "OE-UC-AD": 87.68124086713189,
            "OE-UC-OB": 86.2670273047588,
            "OE-NY": 121.65936051122412,
            "OE-BO": 248.84734276258607,
            "OE-XV-91-2": 0.0
        }
    },
    "XV": {
        "XV-BN": {
            "XV-BN": 0.0,
            "XV-ST": 135.20355024924456,
            "XV-ST-BG": 133.843191832831,
            "XV-XA": 122.67436570041843,
            "XV-TLF": 211.80415482232638,
            "XV-OS": 209.0095691589263,
            "XV-SN": 141.85203558638133,
            "XV-CB": 114.03946685248927,
            "XV-CB-NM": 113.07077429645558,
            "XV-CB-IT": 112.11155159036913,
            "XV-OE-2-91": 103.36827366266692
        },
        "XV-ST": {
            "XV-BN": 135.20355024924456,
            "XV-ST": 0.0,
            "XV-ST-BG": 1.4142135623730951,
            "XV-XA": 28.653097563788805,
            "XV-TLF": 76.84399781375251,
            "XV-OS": 77.62087348130012,
            "XV-SN": 86.31338250816034,
            "XV-CB": 130.17296186228538,
            "XV-CB-NM": 130.74020039758238,
            "XV-CB-IT": 131.3202193114221,
            "XV-OE-2-91": 163.41664541900252
        },
        "XV-ST-BG": {
            "XV-BN": 133.843191832831,
            "XV-ST": 1.4142135623730951,
            "XV-ST-BG": 0.0,
            "XV-XA": 28.30194339616981,
            "XV-TLF": 78.2368199762746,
            "XV-OS": 79.02531240052139,
            "XV-SN": 86.37129152675674,
            "XV-CB": 129.61867149450345,
            "XV-CB-NM": 130.17296186228538,
            "XV-CB-IT": 130.74020039758238,
            "XV-OE-2-91": 162.60688792299052
        },
        "XV-XA": {
            "XV-BN": 122.67436570041843,
            "XV-ST": 28.653097563788805,
            "XV-ST-BG": 28.30194339616981,
            "XV-XA": 0.0,
            "XV-TLF": 92.97311439335567,
            "XV-OS": 86.82165628459296,
            "XV-SN": 59.64059020499378,
            "XV-CB": 101.84301645179212,
            "XV-CB-NM": 102.45974819410792,
            "XV-CB-IT": 103.09219175087898,
            "XV-OE-2-91": 136.7186892857008
        },
        "XV-TLF": {
            "XV-BN": 211.80415482232638,
            "XV-ST": 76.84399781375251,
            "XV-ST-BG": 78.2368199762746,
            "XV-XA": 92.97311439335567,
            "XV-TLF": 0.0,
            "XV-OS": 22.67156809750927,
            "XV-SN": 123.47064428438041,
            "XV-CB": 184.04347312523745,
            "XV-CB-NM": 185.02432272541898,
            "XV-CB-IT": 186.01075237738274,
            "XV-OE-2-91": 224.57070156189118
        },
        "XV-OS": {
            "XV-BN": 209.0095691589263,
            "XV-ST": 77.62087348130012,
            "XV-ST-BG": 79.02531240052139,
            "XV-XA": 86.82165628459296,
            "XV-TLF": 22.67156809750927,
            "XV-OS": 0.0,
            "XV-SN": 107.01868995647442,
            "XV-CB": 169.49926253526885,
            "XV-CB-NM": 170.57549648176317,
            "XV-CB-IT": 171.6566340110396,
            "XV-OE-2-91": 211.5892246783848
        },
        "XV-SN": {
            "XV-BN": 141.85203558638133,
            "XV-ST": 86.31338250816034,
            "XV-ST-BG": 86.37129152675674,
            "XV-XA": 59.64059020499378,
            "XV-TLF": 123.47064428438041,
            "XV-OS": 107.01868995647442,
            "XV-SN": 0.0,
            "XV-CB": 63.788713735268246,
            "XV-CB-NM": 65.0,
            "XV-CB-IT": 66.21933252457322,
            "XV-OE-2-91": 107.83784122468327
        },
        "XV-CB": {
            "XV-BN": 114.03946685248927,
            "XV-ST": 130.17296186228538,
            "XV-ST-BG": 129.61867149450345,
            "XV-XA": 101.84301645179212,
            "XV-TLF": 184.04347312523745,
            "XV-OS": 169.49926253526885,
            "XV-SN": 63.788713735268246,